INSERT INTO genders (gender_name) VALUES
('Male'),
('Female'),
('Other'),
('Non-binary'),
('Prefer not to say');

INSERT INTO sections (section_name) VALUES
('Section A'),
('Section B'),
('Section C'),
('Section D'),
('Section E'),
('Section F'),
('Section G'),
('Section H');

INSERT INTO students (name, gender_id, section_id, date_of_birth) VALUES
('Liam Smith', 1, 5, '2010-02-14'),
('Emma Johnson', 2, 5, '2010-07-21'),
('Noah Williams', 1, 6, '2010-11-03'),
('Olivia Brown', 2, 6, '2010-04-30'),
('William Jones', 1, 7, '2010-09-12'),
('Ava Garcia', 2, 7, '2010-01-25'),
('James Miller', 1, 8, '2010-06-18'),
('Isabella Davis', 2, 8, '2010-03-07'),
('Benjamin Rodriguez', 1, 5, '2010-08-22'),
('Sophia Martinez', 2, 6, '2010-12-15'),
('Mason Hernandez', 1, 7, '2010-05-09'),
('Charlotte Lopez', 2, 8, '2010-10-31'),
('Elijah Gonzalez', 1, 5, '2010-04-12'),
('Amelia Wilson', 2, 6, '2010-07-28'),
('Alexander Anderson', 1, 7, '2010-02-19'),
('Mia Thomas', 2, 8, '2010-11-11'),
('Michael Taylor', 1, 5, '2010-09-04'),
('Harper Moore', 2, 6, '2010-01-17'),
('Ethan Jackson', 1, 7, '2010-06-23'),
('Evelyn Martin', 2, 8, '2010-03-16'),
('Daniel Lee', 1, 5, '2010-08-09'),
('Abigail Perez', 2, 6, '2010-12-22'),
('Matthew Thompson', 1, 7, '2010-05-14'),
('Emily White', 2, 8, '2010-10-07'),
('David Harris', 1, 5, '2010-04-01'),
('Elizabeth Sanchez', 2, 6, '2010-07-24'),
('Joseph Clark', 1, 7, '2010-02-27'),
('Sofia Ramirez', 2, 8, '2010-11-20'),
('Jackson Lewis', 1, 5, '2010-09-13'),
('Avery Robinson', 2, 6, '2010-01-06'),
('Samuel Walker', 1, 7, '2010-06-29'),
('Scarlett Young', 2, 8, '2010-03-02'),
('Sebastian Allen', 1, 5, '2010-08-15'),
('Victoria King', 2, 6, '2010-12-08'),
('Henry Wright', 1, 7, '2010-05-31'),
('Luna Scott', 2, 8, '2010-10-24'),
('Owen Torres', 1, 5, '2010-04-17'),
('Chloe Nguyen', 2, 6, '2010-07-10'),
('Gabriel Hill', 1, 7, '2010-02-03'),
('Penelope Flores', 2, 8, '2010-11-26'),
('Carter Green', 1, 5, '2010-09-19'),
('Hannah Adams', 2, 6, '2010-01-12'),
('Jayden Nelson', 1, 7, '2010-06-05'),
('Zoey Baker', 2, 8, '2010-03-28'),
('Luke Hall', 1, 5, '2010-08-21'),
('Nora Rivera', 2, 6, '2010-12-14'),
('Dylan Campbell', 1, 7, '2010-05-07'),
('Lily Mitchell', 2, 8, '2010-10-30'),
('Andrew Carter', 1, 5, '2010-04-23'),
('Stella Roberts', 2, 6, '2010-07-16'),
('Christopher Phillips', 1, 7, '2010-02-09'),
('Savannah Evans', 2, 8, '2010-11-02'),
('Joshua Turner', 1, 5, '2010-09-25'),
('Bella Parker', 2, 6, '2010-01-18'),
('Wyatt Collins', 1, 7, '2010-06-11'),
('Aubrey Edwards', 2, 8, '2010-03-04'),
('John Stewart', 1, 5, '2010-08-27'),
('Paisley Morris', 2, 6, '2010-12-20'),
('Julian Rogers', 1, 7, '2010-05-13'),
('Skylar Reed', 2, 8, '2010-10-06'),
('Isaiah Cook', 1, 5, '2010-04-29'),
('Madison Morgan', 2, 6, '2010-07-22'),
('Charles Bell', 1, 7, '2010-02-15'),
('Riley Murphy', 2, 8, '2010-11-08'),
('Thomas Bailey', 1, 5, '2010-09-01'),
('Zoe Rivera', 2, 6, '2010-01-24'),
('Dominic Cooper', 1, 7, '2010-06-17'),
('Leah Richardson', 2, 8, '2010-03-10'),
('Aaron Cox', 1, 5, '2010-08-03'),
('Hazel Howard', 2, 6, '2010-12-26'),
('Eli Ward', 1, 7, '2010-05-19'),
('Ellie Torres', 2, 8, '2010-10-12'),
('Nathan Peterson', 1, 5, '2010-04-05'),
('Violet Gray', 2, 6, '2010-07-28'),
('Christian Ramirez', 1, 7, '2010-02-21'),
('Natalie James', 2, 8, '2010-11-14'),
('Caleb Watson', 1, 5, '2010-09-07'),
('Lillian Brooks', 2, 6, '2010-01-30'),
('Ryan Kelly', 1, 7, '2010-06-23'),
('Addison Sanders', 2, 8, '2010-03-16'),
('Asher Price', 1, 5, '2010-08-09'),
('Lucy Bennett', 2, 6, '2010-12-02'),
('Hunter Wood', 1, 7, '2010-05-25'),
('Audrey Barnes', 2, 8, '2010-10-18'),
('Brayden Ross', 1, 5, '2010-04-11'),
('Claire Henderson', 2, 6, '2010-07-04'),
('Ezra Coleman', 1, 7, '2010-02-27'),
('Sadie Jenkins', 2, 8, '2010-11-20'),
('Grayson Perry', 1, 5, '2010-09-13'),
('Ariana Powell', 2, 6, '2010-01-06'),
('Lincoln Long', 1, 7, '2010-06-29'),
('Kinsley Hughes', 2, 8, '2010-03-22'),
('Evan Foster', 1, 5, '2010-08-15'),
('Caroline Washington', 2, 6, '2010-12-08'),
('Nicholas Butler', 1, 7, '2010-05-31'),
('Nevaeh Simmons', 2, 8, '2010-10-24'),
('Easton Bryant', 1, 5, '2010-04-17'),
('Genesis Alexander', 2, 6, '2010-07-10'),
('Colton Russell', 1, 7, '2010-02-03'),
('Serenity Griffin', 2, 8, '2010-11-26'),
('Jordan Diaz', 1, 5, '2010-09-19'),
('Autumn Hayes', 2, 6, '2010-01-12'),
('Cameron Myers', 1, 7, '2010-06-05'),
('Piper Ford', 2, 8, '2010-03-28'),
('Jeremiah Hamilton', 1, 5, '2010-08-21'),
('Naomi Graham', 2, 6, '2010-12-14'),
('Roman Sullivan', 1, 7, '2010-05-07'),
('Faith Wallace', 2, 8, '2010-10-30'),
('Xavier Woods', 1, 5, '2010-04-23'),
('Ashley Cole', 2, 6, '2010-07-16'),
('Miles West', 1, 7, '2010-02-09'),
('Emilia Jordan', 2, 8, '2010-11-02'),
('Leo Owens', 1, 5, '2010-09-25'),
('Quinn Reynolds', 2, 6, '2010-01-18'),
('Landon Fisher', 1, 7, '2010-06-11'),
('Willow Ellis', 2, 8, '2010-03-04'),
('Adrian Harrison', 1, 5, '2010-08-27'),
('Madelyn Gibson', 2, 6, '2010-12-20'),
('Hudson Mcdonald', 1, 7, '2010-05-13'),
('Aaliyah Cruz', 2, 8, '2010-10-06'),
('Elias Marshall', 1, 5, '2010-04-29'),
('Katherine Ortiz', 2, 6, '2010-07-22'),
('Anthony Gomez', 1, 7, '2010-02-15'),
('Elena Murray', 2, 8, '2010-11-08'),
('Connor Freeman', 1, 5, '2010-09-01'),
('Nova Wells', 2, 6, '2010-01-24'),
('Aaron Webb', 1, 7, '2010-06-17'),
('Clara Simpson', 2, 8, '2010-03-10'),
('Eli Stevens', 1, 5, '2010-08-03'),
('Melanie Tucker', 2, 6, '2010-12-26'),
('Josiah Porter', 1, 7, '2010-05-19'),
('Isla Hunter', 2, 8, '2010-10-12'),
('Andrew Hicks', 1, 5, '2010-04-05'),
('Ivy Crawford', 2, 6, '2010-07-28'),
('Ezekiel Henry', 1, 7, '2010-02-21'),
('Trinity Boyd', 2, 8, '2010-11-14'),
('Carson Mason', 1, 5, '2010-09-07'),
('Josephine Morales', 2, 6, '2010-01-30'),
('Bentley Kennedy', 1, 7, '2010-06-23'),
('Adalynn Warren', 2, 8, '2010-03-16'),
('Kayden Dixon', 1, 5, '2010-08-09'),
('Jade Ramos', 2, 6, '2010-12-02'),
('Axel Reyes', 1, 7, '2010-05-25'),
('Sophie Burns', 2, 8, '2010-10-18'),
('Brandon Gordon', 1, 5, '2010-04-11'),
('Vivian Shaw', 2, 6, '2010-07-04'),
('Everett Holmes', 1, 7, '2010-02-27'),
('Brielle Rice', 2, 8, '2010-11-20'),
('Kaiden Robertson', 1, 5, '2010-09-13'),
('Emery Hunt', 2, 6, '2010-01-06'),
('Maximus Black', 1, 7, '2010-06-29'),
('Madeline Daniels', 2, 8, '2010-03-22'),
('Jason Palmer', 1, 5, '2010-08-15'),
('Adeline Mills', 2, 6, '2010-12-08'),
('Sawyer Nichols', 1, 7, '2010-05-31'),
('Harmony Grant', 2, 8, '2010-10-24'),
('Micah Knight', 1, 5, '2010-04-17'),
('Lyla Ferguson', 2, 6, '2010-07-10'),
('Vincent Rose', 1, 7, '2010-02-03'),
('Eliana Stone', 2, 8, '2010-11-26'),
('Justin Hawkins', 1, 5, '2010-09-19'),
('Margaret Dunn', 2, 6, '2010-01-12'),
('Greyson Perkins', 1, 7, '2010-06-05'),
('Athena Hudson', 2, 8, '2010-03-28'),
('Declan Spencer', 1, 5, '2010-08-21'),
('Raelynn Gardner', 2, 6, '2010-12-14'),
('Rowan Johnston', 1, 7, '2010-05-07'),
('Mariah Schmidt', 2, 8, '2010-10-30'),
('Ryder Hamilton', 1, 5, '2010-04-23'),
('Ximena Alvarez', 2, 6, '2010-07-16'),
('Kingston Andrews', 1, 7, '2010-02-09'),
('Alyssa Matthews', 2, 8, '2010-11-02'),
('Theodore Arnold', 1, 5, '2010-09-25'),
('Elise Wagner', 2, 6, '2010-01-18'),
('Tristan Willis', 1, 7, '2010-06-11'),
('Liliana Ray', 2, 8, '2010-03-04'),
('Amir Watkins', 1, 5, '2010-08-27'),
('Juliette Olson', 2, 6, '2010-12-20'),
('Silas Carroll', 1, 7, '2010-05-13'),
('Laila Duncan', 2, 8, '2010-10-06'),
('Gael Snyder', 1, 5, '2010-04-29'),
('Adriana Hart', 2, 6, '2010-07-22'),
('Kai Cunningham', 1, 7, '2010-02-15'),
('Jocelyn Bradley', 2, 8, '2010-11-08'),
('Bryson Lane', 1, 5, '2010-09-01'),
('Mckenzie Andrews', 2, 6, '2010-01-24'),
('Luca Harper', 1, 7, '2010-06-17'),
('Angel Barrett', 2, 8, '2010-03-10'),
('Zachary Welch', 1, 5, '2010-08-03'),
('Isabelle Larson', 2, 6, '2010-12-26'),
('Calvin George', 1, 7, '2010-05-19'),
('Valeria Greene', 2, 8, '2010-10-12'),
('Weston Burke', 1, 5, '2010-04-05'),
('Arabella Guzman', 2, 6, '2010-07-28'),
('Ivan Morrison', 1, 7, '2010-02-21'),
('Emersyn Stanley', 2, 8, '2010-11-14'),
('Maximilian Gilbert', 1, 5, '2010-09-07'),
('Valentina Tucker', 2, 6, '2010-01-30'),
('Juan Wheeler', 1, 7, '2010-06-23'),
('Brianna Hopkins', 2, 8, '2010-03-16'),
('Cole Leonard', 1, 5, '2010-08-09'),
('Londyn Chandler', 2, 6, '2010-12-02'),
('Damian Logan', 1, 7, '2010-05-25'),
('Gianna Robbins', 2, 8, '2010-10-18'),
('Carlos Blake', 1, 5, '2010-04-11'),
('Alaina Higgins', 2, 6, '2010-07-04'),
('Jasper Ingram', 1, 7, '2010-02-27'),
('Lucille Sharp', 2, 8, '2010-11-20'),
('Maddox Hubbard', 1, 5, '2010-09-13'),
('Anastasia Fleming', 2, 6, '2010-01-06'),
('August Cortez', 1, 7, '2010-06-29'),
('Marley Nash', 2, 8, '2010-03-22'),
('Malachi Barker', 1, 5, '2010-08-15'),
('Ryleigh Wade', 2, 6, '2010-12-08'),
('Emiliano Boone', 1, 7, '2010-05-31'),
('Alana Santos', 2, 8, '2010-10-24'),
('Brody Valdez', 1, 5, '2010-04-17'),
('Maya Swanson', 2, 6, '2010-07-10'),
('Brantley Barr', 1, 7, '2010-02-03'),
('Rachel Joseph', 2, 8, '2010-11-26'),
('Leonardo Francis', 1, 5, '2010-09-19'),
('Adelyn Goodman', 2, 6, '2010-01-12'),
('Rhett Maldonado', 1, 7, '2010-06-05'),
('Gabrielle Yates', 2, 8, '2010-03-28'),
('Tucker Becker', 1, 5, '2010-08-21'),
('Jessica Harrington', 2, 6, '2010-12-14'),
('Karter Little', 1, 7, '2010-05-07'),
('Kinley Mack', 2, 8, '2010-10-30'),
('Brady Zimmerman', 1, 5, '2010-04-23'),
('Stephanie Page', 2, 6, '2010-07-16'),
('Jesse Ball', 1, 7, '2010-02-09'),
('Peyton Love', 2, 8, '2010-11-02'),
('Zane Brock', 1, 5, '2010-09-25'),
('Izabella Cohen', 2, 6, '2010-01-18'),
('Collin Ballard', 1, 7, '2010-06-11'),
('June Norton', 2, 8, '2010-03-04'),
('Derek Huff', 1, 5, '2010-08-27'),
('Lila Townsend', 2, 6, '2010-12-20'),
('Kaden Dennis', 1, 7, '2010-05-13'),
('Camille Bridges', 2, 8, '2010-10-06'),
('Paul Oconnor', 1, 5, '2010-04-29'),
('Sienna May', 2, 6, '2010-07-22'),
('Gage Buchanan', 1, 7, '2010-02-15'),
('Miriam Fletcher', 2, 8, '2010-11-08'),
('Braden Huffman', 1, 5, '2010-09-01'),
('Lilliana Buck', 2, 6, '2010-01-24'),
('Simon Singleton', 1, 7, '2010-06-17'),
('Amaya Sandoval', 2, 8, '2010-03-10'),
('Rylan Gould', 1, 5, '2010-08-03'),
('Rosalie Mcgee', 2, 6, '2010-12-26'),
('Caden Farmer', 1, 7, '2010-05-19'),
('Amiyah Roberson', 2, 8, '2010-10-12'),
('Judah Hines', 1, 5, '2010-04-05'),
('Jayla Cantrell', 2, 6, '2010-07-28'),
('Travis Leblanc', 1, 7, '2010-02-21'),
('Makenzie Krueger', 2, 8, '2010-11-14'),
('Cash Stark', 1, 5, '2010-09-07'),
('Nyla Lowery', 2, 6, '2010-01-30'),
('Aidan Hoover', 1, 7, '2010-06-23'),
('Angelique Bruce', 2, 8, '2010-03-16'),
('Emmanuel Mcintosh', 1, 5, '2010-08-09'),
('Cassidy Roman', 2, 6, '2010-12-02'),
('Knox Donaldson', 1, 7, '2010-05-25'),
('Delaney Dudley', 2, 8, '2010-10-18'),
('Kyler Pittman', 1, 5, '2010-04-11'),
('Jolene Compton', 2, 6, '2010-07-04'),
('Beckett Davenport', 1, 7, '2010-02-27'),
('Demi Christensen', 2, 8, '2010-11-20'),
('Omar Mccullough', 1, 5, '2010-09-13'),
('Holly Stafford', 2, 6, '2010-01-06'),
('Dante Velasquez', 1, 7, '2010-06-29'),
('Daniella Proctor', 2, 8, '2010-03-22'),
('Jamari Terrell', 1, 5, '2010-08-15'),
('Harlow Hester', 2, 6, '2010-12-08'),
('Kayson Dougherty', 1, 7, '2010-05-31'),
('Willa Pham', 2, 8, '2010-10-24'),
('Maurice Bauer', 1, 5, '2010-04-17'),
('Laney Novak', 2, 6, '2010-07-10'),
('Ahmed Schroeder', 1, 7, '2010-02-03'),
('Mira Sutton', 2, 8, '2010-11-26'),
('Amelia Smith', 2, 4, '2010-08-12'),
('Isabella Davis', 2, 1, '2010-06-29'),
('Liam Davis', 1, 2, '2010-06-27'),
('Isabella Jones', 2, 7, '2010-01-06'),
('Charlotte Smith', 2, 1, '2010-12-03'),
('Isabella Miller', 2, 5, '2010-12-21'),
('Amelia Jones', 2, 7, '2010-10-16'),
('William Martinez', 1, 7, '2010-11-20'),
('Mia Davis', 2, 1, '2010-06-23'),
('Amelia Williams', 2, 1, '2010-12-08'),
('Lucas Miller', 1, 8, '2010-03-20'),
('Olivia Williams', 2, 4, '2010-01-29'),
('Henry Williams', 1, 1, '2010-11-08'),
('Alexander Miller', 1, 4, '2010-03-03'),
('Alexander Johnson', 1, 2, '2010-08-16'),
('Olivia Williams', 2, 1, '2010-10-23'),
('Mia Martinez', 2, 4, '2010-09-07'),
('Evelyn Johnson', 2, 1, '2010-11-29'),
('Noah Rodriguez', 1, 1, '2010-07-01'),
('Lucas Williams', 1, 8, '2010-11-15'),
('Henry Miller', 1, 5, '2010-11-15'),
('Amelia Smith', 2, 6, '2010-10-24'),
('William Smith', 1, 6, '2010-04-29'),
('Michael Williams', 1, 4, '2010-08-21'),
('Olivia Smith', 2, 8, '2010-08-09'),
('Harper Johnson', 2, 3, '2010-04-18'),
('Charlotte Davis', 2, 3, '2010-06-29'),
('Mia Rodriguez', 2, 4, '2010-01-28'),
('Benjamin Davis', 1, 6, '2010-12-07'),
('Emma Martinez', 2, 5, '2010-08-09'),
('Amelia Brown', 2, 4, '2010-06-10'),
('Charlotte Rodriguez', 2, 2, '2010-09-07'),
('Liam Garcia', 1, 4, '2010-04-08'),
('Sophia Garcia', 2, 8, '2010-05-23'),
('Sophia Garcia', 2, 6, '2010-09-22'),
('Liam Smith', 1, 5, '2010-10-20'),
('William Davis', 1, 6, '2010-01-03'),
('Michael Garcia', 1, 3, '2010-01-04'),
('Charlotte Rodriguez', 2, 7, '2010-10-23'),
('Noah Rodriguez', 1, 1, '2010-07-17'),
('Sophia Miller', 2, 8, '2010-10-11'),
('Lucas Garcia', 1, 5, '2010-09-09'),
('Lucas Johnson', 1, 3, '2010-03-18'),
('Mia Martinez', 2, 8, '2010-03-10'),
('Noah Smith', 1, 5, '2010-04-08'),
('Mia Davis', 2, 8, '2010-03-17'),
('Michael Johnson', 1, 6, '2010-07-26'),
('Mia Williams', 2, 6, '2010-09-02'),
('Michael Garcia', 1, 2, '2010-01-18'),
('Mia Garcia', 2, 3, '2010-04-27'),
('Evelyn Rodriguez', 2, 3, '2010-11-21'),
('Isabella Brown', 2, 2, '2010-08-11'),
('William Johnson', 1, 2, '2010-08-15'),
('Liam Davis', 1, 5, '2010-11-10'),
('Alexander Jones', 1, 2, '2010-03-30'),
('Lucas Johnson', 1, 2, '2010-05-16'),
('Amelia Jones', 2, 6, '2010-07-26'),
('Henry Garcia', 1, 1, '2010-02-19'),
('Mia Brown', 2, 5, '2010-01-05'),
('Olivia Smith', 2, 3, '2010-04-27'),
('Henry Martinez', 1, 6, '2010-04-16'),
('Harper Garcia', 2, 1, '2010-09-07'),
('Harper Davis', 2, 2, '2010-12-09'),
('Lucas Martinez', 1, 6, '2010-08-02'),
('Ava Davis', 2, 4, '2010-12-07'),
('Ava Williams', 2, 5, '2010-12-14'),
('Charlotte Miller', 2, 7, '2010-05-30'),
('Mia Davis', 2, 1, '2010-08-30'),
('Mia Jones', 2, 5, '2010-02-10'),
('Charlotte Rodriguez', 2, 1, '2010-08-15'),
('Isabella Williams', 2, 4, '2010-05-07'),
('William Garcia', 1, 8, '2010-03-30'),
('Noah Garcia', 1, 6, '2010-08-20'),
('Henry Jones', 1, 8, '2010-09-13'),
('Ethan Johnson', 1, 2, '2010-08-27'),
('Henry Rodriguez', 1, 8, '2010-06-08'),
('Benjamin Rodriguez', 1, 6, '2010-08-09'),
('Michael Davis', 1, 2, '2010-03-30'),
('Mia Miller', 2, 6, '2010-05-10'),
('Evelyn Johnson', 2, 8, '2010-01-30'),
('Benjamin Rodriguez', 1, 4, '2010-01-22'),
('Benjamin Smith', 1, 6, '2010-08-06'),
('Ava Smith', 2, 4, '2010-10-09'),
('William Rodriguez', 1, 6, '2010-10-30'),
('Michael Jones', 1, 1, '2010-01-12'),
('Liam Johnson', 1, 2, '2010-03-18'),
('Evelyn Johnson', 2, 3, '2010-10-04'),
('Emma Rodriguez', 2, 5, '2010-11-23'),
('Liam Martinez', 1, 4, '2010-04-21'),
('Emma Martinez', 2, 8, '2010-01-22'),
('Olivia Miller', 2, 6, '2010-03-28'),
('Noah Garcia', 1, 3, '2010-09-07'),
('Henry Martinez', 1, 6, '2010-02-02'),
('Lucas Miller', 1, 6, '2010-07-18'),
('Evelyn Williams', 2, 5, '2010-09-15'),
('Lucas Smith', 1, 6, '2010-01-23'),
('Isabella Brown', 2, 4, '2010-03-29'),
('Liam Martinez', 1, 1, '2010-06-22'),
('Lucas Williams', 1, 5, '2010-09-10'),
('Emma Garcia', 2, 5, '2010-04-30'),
('Olivia Jones', 2, 4, '2010-11-27'),
('Lucas Williams', 1, 2, '2010-09-07'),
('Ava Jones', 2, 7, '2010-05-28'),
('Noah Rodriguez', 1, 5, '2010-01-24'),
('William Brown', 1, 8, '2010-06-28'),
('Michael Johnson', 1, 5, '2010-09-05'),
('Noah Davis', 1, 2, '2010-03-26'),
('Michael Brown', 1, 5, '2010-05-19'),
('Charlotte Rodriguez', 2, 8, '2010-07-09'),
('Henry Jones', 1, 5, '2010-04-06'),
('Mia Martinez', 2, 5, '2010-07-04'),
('Evelyn Williams', 2, 5, '2010-06-21'),
('Ava Smith', 2, 4, '2010-04-16'),
('Amelia Johnson', 2, 8, '2010-10-01'),
('Alexander Miller', 1, 3, '2010-08-10'),
('Ethan Johnson', 1, 6, '2010-10-24'),
('James Davis', 1, 4, '2010-12-14'),
('Ethan Jones', 1, 1, '2010-05-09'),
('James Martinez', 1, 5, '2010-09-06'),
('Noah Brown', 1, 4, '2010-08-02'),
('James Garcia', 1, 8, '2010-08-09'),
('Michael Garcia', 1, 4, '2010-12-07'),
('Ava Williams', 2, 5, '2010-07-20'),
('Liam Rodriguez', 1, 2, '2010-02-06'),
('Benjamin Davis', 1, 3, '2010-10-06'),
('Amelia Johnson', 2, 1, '2010-10-21'),
('Henry Jones', 1, 7, '2010-09-11'),
('Charlotte Davis', 2, 2, '2010-06-07'),
('Henry Garcia', 1, 6, '2010-08-13'),
('Liam Davis', 1, 8, '2010-02-09'),
('Harper Davis', 2, 8, '2010-06-23'),
('William Jones', 1, 1, '2010-09-10'),
('Isabella Martinez', 2, 8, '2010-03-13'),
('Henry Miller', 1, 8, '2010-11-27'),
('Evelyn Johnson', 2, 7, '2010-11-27'),
('Harper Rodriguez', 2, 5, '2010-03-14'),
('William Brown', 1, 3, '2010-04-07'),
('Amelia Smith', 2, 5, '2010-01-18'),
('Harper Davis', 2, 6, '2010-11-19'),
('Ava Martinez', 2, 3, '2010-06-24'),
('Amelia Davis', 2, 8, '2010-01-09'),
('Michael Garcia', 1, 4, '2010-10-08'),
('Evelyn Jones', 2, 5, '2010-07-22'),
('Michael Miller', 1, 1, '2010-10-08'),
('Sophia Johnson', 2, 7, '2010-12-23'),
('Harper Garcia', 2, 5, '2010-08-27'),
('Sophia Rodriguez', 2, 6, '2010-11-15'),
('Sophia Smith', 2, 4, '2010-12-20'),
('Amelia Brown', 2, 1, '2010-05-15'),
('William Garcia', 1, 5, '2010-10-18'),
('Ava Martinez', 2, 1, '2010-01-28'),
('Henry Rodriguez', 1, 4, '2010-06-14'),
('Isabella Smith', 2, 6, '2010-06-29'),
('Michael Rodriguez', 1, 1, '2010-08-20'),
('William Williams', 1, 7, '2010-02-10'),
('Evelyn Davis', 2, 6, '2010-01-27'),
('Michael Miller', 1, 2, '2010-09-28'),
('Evelyn Johnson', 2, 4, '2011-01-01'),
('Harper Davis', 2, 5, '2010-09-12'),
('Evelyn Jones', 2, 4, '2010-12-28'),
('Sophia Garcia', 2, 8, '2010-10-29'),
('Henry Jones', 1, 1, '2010-07-26'),
('Lucas Garcia', 1, 4, '2010-08-07'),
('Lucas Davis', 1, 4, '2010-08-24'),
('Henry Smith', 1, 1, '2010-04-20'),
('Harper Rodriguez', 2, 7, '2010-08-28'),
('Olivia Miller', 2, 6, '2010-08-03'),
('Lucas Garcia', 1, 2, '2010-12-11'),
('Henry Johnson', 1, 8, '2010-01-11'),
('Ava Garcia', 2, 6, '2010-01-04'),
('Isabella Rodriguez', 2, 8, '2010-02-09'),
('Henry Martinez', 1, 2, '2010-07-17'),
('Emma Brown', 2, 4, '2010-06-01'),
('Charlotte Davis', 2, 4, '2010-06-16'),
('Benjamin Garcia', 1, 7, '2010-02-24'),
('Noah Garcia', 1, 3, '2010-06-22'),
('Noah Davis', 1, 8, '2010-05-02'),
('Henry Johnson', 1, 2, '2010-01-04'),
('Sophia Martinez', 2, 2, '2010-09-22'),
('Lucas Brown', 1, 4, '2010-08-05'),
('Ava Davis', 2, 2, '2010-10-01'),
('Ava Martinez', 2, 3, '2010-03-14'),
('Isabella Williams', 2, 5, '2010-09-15'),
('Evelyn Johnson', 2, 5, '2010-05-30'),
('Charlotte Brown', 2, 5, '2010-07-12'),
('Mia Johnson', 2, 3, '2010-07-07'),
('Michael Rodriguez', 1, 2, '2010-10-20'),
('Evelyn Smith', 2, 5, '2010-07-07'),
('Michael Williams', 1, 1, '2010-09-09'),
('Sophia Johnson', 2, 7, '2010-01-30'),
('James Davis', 1, 8, '2010-01-16'),
('Michael Davis', 1, 6, '2010-02-05'),
('Noah Brown', 1, 4, '2010-12-12'),
('Evelyn Miller', 2, 5, '2010-04-12'),
('Liam Johnson', 1, 6, '2010-07-16'),
('Amelia Martinez', 2, 5, '2010-11-20'),
('Evelyn Martinez', 2, 8, '2010-08-31'),
('Michael Miller', 1, 4, '2010-06-27'),
('Michael Smith', 1, 1, '2010-02-25'),
('Lucas Brown', 1, 3, '2010-08-01'),
('Ethan Brown', 1, 4, '2010-12-14'),
('Henry Jones', 1, 8, '2010-05-03'),
('Ava Johnson', 2, 5, '2010-07-13'),
('Ava Johnson', 2, 8, '2010-10-17'),
('Charlotte Jones', 2, 3, '2010-02-13'),
('Ava Brown', 2, 3, '2010-12-24'),
('William Rodriguez', 1, 3, '2010-11-02'),
('Noah Miller', 1, 8, '2010-08-03'),
('Alexander Jones', 1, 5, '2010-02-28'),
('Benjamin Garcia', 1, 8, '2010-12-11'),
('Liam Smith', 1, 8, '2010-07-11'),
('Noah Martinez', 1, 7, '2010-06-14'),
('Henry Martinez', 1, 1, '2010-02-06'),
('Alexander Garcia', 1, 7, '2010-01-22'),
('Ethan Rodriguez', 1, 2, '2010-01-16'),
('Ava Davis', 2, 8, '2010-11-03'),
('Olivia Garcia', 2, 6, '2010-08-27'),
('Michael Smith', 1, 4, '2010-03-12'),
('Alexander Garcia', 1, 7, '2010-09-07'),
('Isabella Martinez', 2, 8, '2010-09-13'),
('Alexander Johnson', 1, 2, '2010-01-25'),
('Ethan Rodriguez', 1, 5, '2010-05-18'),
('Lucas Miller', 1, 7, '2010-08-01'),
('William Miller', 1, 2, '2010-07-27'),
('Ava Davis', 2, 1, '2010-03-06'),
('Ethan Williams', 1, 5, '2010-01-09'),
('Sophia Smith', 2, 5, '2010-05-15'),
('Noah Brown', 1, 7, '2010-03-20'),
('James Jones', 1, 1, '2010-02-06'),
('Mia Garcia', 2, 6, '2010-02-23'),
('Liam Williams', 1, 6, '2010-02-23'),
('Amelia Johnson', 2, 6, '2010-07-25'),
('Olivia Davis', 2, 7, '2010-09-28'),
('Michael Davis', 1, 1, '2010-10-14'),
('James Brown', 1, 5, '2010-06-05'),
('Alexander Brown', 1, 5, '2010-03-15'),
('Alexander Davis', 1, 6, '2010-06-18'),
('Alexander Jones', 1, 6, '2010-01-25'),
('Isabella Brown', 2, 5, '2010-06-08'),
('Lucas Rodriguez', 1, 5, '2010-09-09');


INSERT INTO subjects (subject_name) VALUES
('Mathematics'),
('Science'),
('English'),
('History'),
('Computer Science'),
('Art'),
('Music'),
('Physical Education'),
('Geography'),
('Economics');

INSERT INTO grades (subject_id, student_id, score, date_recorded) VALUES
(1, 11, 87.25, '2024-04-10'),
(1, 12, 91.50, '2024-04-10'),
(1, 13, 76.75, '2024-04-10'),
(2, 14, 83.00, '2024-04-12'),
(2, 15, 89.50, '2024-04-12'),
(3, 16, 80.75, '2024-04-15'),
(3, 17, 93.00, '2024-04-15'),
(4, 18, 85.25, '2024-04-17'),
(4, 19, 82.50, '2024-04-17'),
(5, 20, 94.75, '2024-04-20'),
(5, 21, 88.00, '2024-04-20'),
(6, 22, 92.25, '2024-04-22'),
(6, 23, 78.50, '2024-04-22'),
(7, 24, 84.75, '2024-04-24'),
(7, 25, 90.00, '2024-04-24'),
(8, 26, 79.25, '2024-04-26'),
(8, 27, 95.50, '2024-04-26'),
(9, 28, 86.75, '2024-04-28'),
(9, 29, 81.00, '2024-04-28'),
(10, 30, 93.25, '2024-04-30'),
(1, 31, 88.50, '2024-05-01'),
(1, 32, 77.75, '2024-05-01'),
(2, 33, 94.00, '2024-05-03'),
(2, 34, 82.25, '2024-05-03'),
(3, 35, 89.50, '2024-05-05'),
(3, 36, 96.75, '2024-05-05'),
(4, 37, 83.00, '2024-05-07'),
(4, 38, 90.25, '2024-05-07'),
(5, 39, 78.50, '2024-05-09'),
(5, 40, 95.75, '2024-05-09'),
(6, 41, 84.00, '2024-05-11'),
(6, 42, 91.25, '2024-05-11'),
(7, 43, 79.50, '2024-05-13'),
(7, 44, 97.75, '2024-05-13'),
(8, 45, 85.00, '2024-05-15'),
(8, 46, 92.25, '2024-05-15'),
(9, 47, 80.50, '2024-05-17'),
(9, 48, 98.75, '2024-05-17'),
(10, 49, 86.00, '2024-05-19'),
(10, 50, 93.25, '2024-05-19'),
(1, 51, 81.50, '2024-05-21'),
(1, 52, 99.75, '2024-05-21'),
(2, 53, 87.00, '2024-05-23'),
(2, 54, 94.25, '2024-05-23'),
(3, 55, 82.50, '2024-05-25'),
(3, 56, 100.00, '2024-05-25'),
(4, 57, 88.75, '2024-05-27'),
(4, 58, 95.00, '2024-05-27'),
(5, 59, 83.25, '2024-05-29'),
(5, 60, 90.50, '2024-05-29'),
(6, 61, 84.75, '2024-06-01'),
(6, 62, 91.00, '2024-06-01'),
(7, 63, 85.25, '2024-06-03'),
(7, 64, 92.50, '2024-06-03'),
(8, 65, 86.75, '2024-06-05'),
(8, 66, 93.00, '2024-06-05'),
(9, 67, 87.25, '2024-06-07'),
(9, 68, 94.50, '2024-06-07'),
(10, 69, 88.75, '2024-06-09'),
(10, 70, 95.00, '2024-06-09'),
(1, 71, 89.25, '2024-06-11'),
(1, 72, 96.50, '2024-06-11'),
(2, 73, 90.75, '2024-06-13'),
(2, 74, 97.00, '2024-06-13'),
(3, 75, 91.25, '2024-06-15'),
(3, 76, 98.50, '2024-06-15'),
(4, 77, 92.75, '2024-06-17'),
(4, 78, 99.00, '2024-06-17'),
(5, 79, 93.25, '2024-06-19'),
(5, 80, 100.00, '2024-06-19'),
(6, 81, 94.50, '2024-06-21'),
(6, 82, 88.75, '2024-06-21'),
(7, 83, 95.00, '2024-06-23'),
(7, 84, 89.25, '2024-06-23'),
(8, 85, 96.50, '2024-06-25'),
(8, 86, 90.75, '2024-06-25'),
(9, 87, 97.00, '2024-06-27'),
(9, 88, 91.25, '2024-06-27'),
(10, 89, 98.50, '2024-06-29'),
(10, 90, 92.75, '2024-06-29'),
(1, 91, 99.00, '2024-07-01'),
(1, 92, 93.25, '2024-07-01'),
(2, 93, 100.00, '2024-07-03'),
(2, 94, 94.50, '2024-07-03'),
(3, 95, 88.75, '2024-07-05'),
(3, 96, 95.00, '2024-07-05'),
(4, 97, 89.25, '2024-07-07'),
(4, 98, 96.50, '2024-07-07'),
(5, 99, 90.75, '2024-07-09'),
(5, 100, 97.00, '2024-07-09'),
(6, 101, 91.25, '2024-07-11'),
(6, 102, 98.50, '2024-07-11'),
(7, 103, 92.75, '2024-07-13'),
(7, 104, 99.00, '2024-07-13'),
(8, 105, 93.25, '2024-07-15'),
(8, 106, 100.00, '2024-07-15'),
(9, 107, 94.50, '2024-07-17'),
(9, 108, 88.75, '2024-07-17'),
(10, 109, 95.00, '2024-07-19'),
(10, 110, 89.25, '2024-07-19'),
(1, 111, 96.50, '2024-07-21'),
(1, 112, 90.75, '2024-07-21'),
(2, 113, 97.00, '2024-07-23'),
(2, 114, 91.25, '2024-07-23'),
(3, 115, 98.50, '2024-07-25'),
(3, 116, 92.75, '2024-07-25'),
(4, 117, 99.00, '2024-07-27'),
(4, 118, 93.25, '2024-07-27'),
(5, 119, 100.00, '2024-07-29'),
(5, 120, 94.50, '2024-07-29'),
(6, 121, 88.75, '2024-08-01'),
(6, 122, 95.00, '2024-08-01'),
(7, 123, 89.25, '2024-08-03'),
(7, 124, 96.50, '2024-08-03'),
(8, 125, 90.75, '2024-08-05'),
(8, 126, 97.00, '2024-08-05'),
(9, 127, 91.25, '2024-08-07'),
(9, 128, 98.50, '2024-08-07'),
(10, 129, 92.75, '2024-08-09'),
(10, 130, 99.00, '2024-08-09'),
(1, 131, 93.25, '2024-08-11'),
(1, 132, 100.00, '2024-08-11'),
(2, 133, 94.50, '2024-08-13'),
(2, 134, 88.75, '2024-08-13'),
(3, 135, 95.00, '2024-08-15'),
(3, 136, 89.25, '2024-08-15'),
(4, 137, 96.50, '2024-08-17'),
(4, 138, 90.75, '2024-08-17'),
(5, 139, 97.00, '2024-08-19'),
(5, 140, 91.25, '2024-08-19'),
(6, 141, 98.50, '2024-08-21'),
(6, 142, 92.75, '2024-08-21'),
(7, 143, 99.00, '2024-08-23'),
(7, 144, 93.25, '2024-08-23'),
(8, 145, 100.00, '2024-08-25'),
(8, 146, 94.50, '2024-08-25'),
(9, 147, 88.75, '2024-08-27'),
(9, 148, 95.00, '2024-08-27'),
(10, 149, 89.25, '2024-08-29'),
(10, 150, 96.50, '2024-08-29'),
(1, 151, 90.75, '2024-09-01'),
(1, 152, 97.00, '2024-09-01'),
(2, 153, 91.25, '2024-09-03'),
(2, 154, 98.50, '2024-09-03'),
(3, 155, 92.75, '2024-09-05'),
(3, 156, 99.00, '2024-09-05'),
(4, 157, 93.25, '2024-09-07'),
(4, 158, 100.00, '2024-09-07'),
(5, 159, 94.50, '2024-09-09'),
(5, 160, 88.75, '2024-09-09'),
(6, 161, 95.00, '2024-09-11'),
(6, 162, 89.25, '2024-09-11'),
(7, 163, 96.50, '2024-09-13'),
(7, 164, 90.75, '2024-09-13'),
(8, 165, 97.00, '2024-09-15'),
(8, 166, 91.25, '2024-09-15'),
(9, 167, 98.50, '2024-09-17'),
(9, 168, 92.75, '2024-09-17'),
(10, 169, 99.00, '2024-09-19'),
(10, 170, 93.25, '2024-09-19'),
(1, 171, 100.00, '2024-09-21'),
(1, 172, 94.50, '2024-09-21'),
(2, 173, 88.75, '2024-09-23'),
(2, 174, 95.00, '2024-09-23'),
(3, 175, 89.25, '2024-09-25'),
(3, 176, 96.50, '2024-09-25'),
(4, 177, 90.75, '2024-09-27'),
(4, 178, 97.00, '2024-09-27'),
(5, 179, 91.25, '2024-09-29'),
(5, 180, 98.50, '2024-09-29'),
(6, 181, 92.75, '2024-10-01'),
(6, 182, 99.00, '2024-10-01'),
(7, 183, 93.25, '2024-10-03'),
(7, 184, 100.00, '2024-10-03'),
(8, 185, 94.50, '2024-10-05'),
(8, 186, 88.75, '2024-10-05'),
(9, 187, 95.00, '2024-10-07'),
(9, 188, 89.25, '2024-10-07'),
(10, 189, 96.50, '2024-10-09'),
(10, 190, 90.75, '2024-10-09'),
(1, 191, 97.00, '2024-10-11'),
(1, 192, 91.25, '2024-10-11'),
(2, 193, 98.50, '2024-10-13'),
(2, 194, 92.75, '2024-10-13'),
(3, 195, 99.00, '2024-10-15'),
(3, 196, 93.25, '2024-10-15'),
(4, 197, 100.00, '2024-10-17'),
(4, 198, 94.50, '2024-10-17'),
(5, 199, 88.75, '2024-10-19'),
(5, 200, 95.00, '2024-10-19'),
(6, 201, 89.25, '2024-10-21'),
(6, 202, 96.50, '2024-10-21'),
(7, 203, 90.75, '2024-10-23'),
(7, 204, 97.00, '2024-10-23'),
(8, 205, 91.25, '2024-10-25'),
(8, 206, 98.50, '2024-10-25'),
(9, 207, 92.75, '2024-10-27'),
(9, 208, 99.00, '2024-10-27'),
(10, 209, 93.25, '2024-10-29'),
(10, 210, 100.00, '2024-10-29'),
(1, 211, 94.50, '2024-11-01'),
(1, 212, 88.75, '2024-11-01'),
(2, 213, 95.00, '2024-11-03'),
(2, 214, 89.25, '2024-11-03'),
(3, 215, 96.50, '2024-11-05'),
(3, 216, 90.75, '2024-11-05'),
(4, 217, 97.00, '2024-11-07'),
(4, 218, 91.25, '2024-11-07'),
(5, 219, 98.50, '2024-11-09'),
(5, 220, 92.75, '2024-11-09'),
(6, 221, 99.00, '2024-11-11'),
(6, 222, 93.25, '2024-11-11'),
(7, 223, 100.00, '2024-11-13'),
(7, 224, 94.50, '2024-11-13'),
(8, 225, 88.75, '2024-11-15'),
(8, 226, 95.00, '2024-11-15'),
(9, 227, 89.25, '2024-11-17'),
(9, 228, 96.50, '2024-11-17'),
(10, 229, 90.75, '2024-11-19'),
(10, 230, 97.00, '2024-11-19'),
(1, 231, 91.25, '2024-11-21'),
(1, 232, 98.50, '2024-11-21'),
(2, 233, 92.75, '2024-11-23'),
(2, 234, 99.00, '2024-11-23'),
(3, 235, 93.25, '2024-11-25'),
(3, 236, 100.00, '2024-11-25'),
(4, 237, 94.50, '2024-11-27'),
(4, 238, 88.75, '2024-11-27'),
(5, 239, 95.00, '2024-11-29'),
(5, 240, 89.25, '2024-11-29'),
(6, 241, 96.50, '2024-12-01'),
(6, 242, 90.75, '2024-12-01'),
(7, 243, 97.00, '2024-12-03'),
(7, 244, 91.25, '2024-12-03'),
(8, 245, 98.50, '2024-12-05'),
(8, 246, 92.75, '2024-12-05'),
(9, 247, 99.00, '2024-12-07'),
(9, 248, 93.25, '2024-12-07'),
(10, 249, 100.00, '2024-12-09'),
(10, 250, 94.50, '2024-12-09'),
(1, 251, 88.75, '2024-12-11'),
(1, 252, 95.00, '2024-12-11'),
(2, 253, 89.25, '2024-12-13'),
(2, 254, 96.50, '2024-12-13'),
(3, 255, 90.75, '2024-12-15'),
(3, 256, 97.00, '2024-12-15'),
(4, 257, 91.25, '2024-12-17'),
(4, 258, 98.50, '2024-12-17'),
(5, 259, 92.75, '2024-12-19'),
(5, 260, 99.00, '2024-12-19'),
(4, 261, 89.49, '2025-01-11'),
(10, 262, 86.24, '2024-12-21'),
(6, 263, 86.2, '2025-01-09'),
(1, 264, 85.56, '2024-12-30'),
(3, 265, 91.77, '2024-12-22'),
(2, 266, 95.11, '2025-01-18'),
(5, 267, 94.77, '2024-12-28'),
(8, 268, 99.92, '2025-01-16'),
(1, 269, 93.11, '2025-01-10'),
(10, 270, 85.34, '2025-01-13'),
(8, 271, 81.03, '2025-01-04'),
(3, 272, 85.02, '2025-01-13'),
(4, 273, 95.3, '2025-01-11'),
(7, 274, 93.28, '2025-01-20'),
(10, 275, 96.16, '2024-12-24'),
(5, 276, 78.3, '2025-01-14'),
(10, 277, 81.89, '2025-01-01'),
(6, 278, 95.67, '2025-01-06'),
(7, 279, 83.34, '2025-01-08'),
(6, 280, 75.3, '2025-01-02'),
(5, 281, 75.22, '2025-01-20'),
(8, 282, 90.33, '2025-01-04'),
(4, 283, 92.98, '2025-01-13'),
(9, 284, 84.65, '2024-12-27'),
(6, 285, 89.47, '2025-01-03'),
(6, 286, 99.04, '2025-01-10'),
(1, 287, 86.47, '2024-12-25'),
(6, 288, 91.02, '2024-12-24'),
(9, 289, 77.6, '2025-01-20'),
(7, 290, 99.78, '2024-12-22'),
(9, 291, 91.49, '2025-01-11'),
(9, 292, 81.46, '2025-01-06'),
(2, 293, 89.81, '2024-12-29'),
(10, 294, 97.3, '2024-12-29'),
(4, 295, 96.77, '2025-01-12'),
(9, 296, 86.64, '2025-01-08'),
(9, 297, 92.99, '2024-12-23'),
(2, 298, 90.39, '2025-01-16'),
(2, 299, 89.27, '2024-12-27'),
(1, 300, 79.07, '2025-01-19'),
(8, 301, 96.03, '2024-12-28'),
(6, 302, 91.72, '2025-01-03'),
(2, 303, 79.7, '2025-01-18'),
(8, 304, 75.89, '2025-01-06'),
(7, 305, 96.12, '2024-12-27'),
(8, 306, 84.27, '2025-01-08'),
(3, 307, 95.39, '2025-01-08'),
(2, 308, 92.87, '2025-01-06'),
(4, 309, 78.23, '2025-01-06'),
(1, 310, 82.13, '2025-01-16'),
(8, 311, 86.29, '2024-12-28'),
(6, 312, 89.34, '2024-12-26'),
(7, 313, 92.64, '2025-01-17'),
(2, 314, 83.46, '2025-01-20'),
(4, 315, 88.77, '2025-01-08'),
(3, 316, 88.91, '2024-12-25'),
(9, 317, 93.39, '2025-01-11'),
(10, 318, 83.94, '2024-12-27'),
(9, 319, 88.94, '2024-12-30'),
(2, 320, 84.67, '2025-01-04'),
(2, 321, 76.31, '2025-01-13'),
(4, 322, 91.62, '2025-01-08'),
(10, 323, 82.3, '2025-01-20'),
(10, 324, 93.97, '2025-01-05'),
(6, 325, 80.59, '2025-01-20'),
(7, 326, 96.35, '2025-01-05'),
(10, 327, 94.53, '2024-12-29'),
(1, 328, 97.84, '2025-01-05'),
(4, 329, 78.04, '2025-01-19'),
(4, 330, 75.15, '2024-12-21'),
(2, 331, 91.68, '2025-01-10'),
(1, 332, 80.2, '2024-12-31'),
(9, 333, 91.71, '2025-01-07'),
(8, 334, 94.82, '2024-12-24'),
(7, 335, 78.48, '2025-01-09'),
(4, 336, 84.59, '2025-01-05'),
(2, 337, 91.36, '2024-12-31'),
(1, 338, 75.61, '2024-12-22'),
(5, 339, 87.03, '2024-12-29'),
(10, 340, 80.86, '2024-12-30'),
(8, 341, 84.99, '2025-01-01'),
(7, 342, 91.17, '2024-12-25'),
(9, 343, 75.69, '2025-01-01'),
(4, 344, 96.37, '2024-12-28'),
(5, 345, 90.37, '2025-01-06'),
(6, 346, 89.93, '2024-12-27'),
(4, 347, 78.7, '2024-12-31'),
(10, 348, 82.33, '2024-12-27'),
(5, 349, 92.07, '2025-01-09'),
(6, 350, 79.61, '2025-01-18'),
(3, 351, 92.39, '2024-12-31'),
(2, 352, 89.19, '2024-12-29'),
(2, 353, 76.59, '2024-12-30'),
(7, 354, 86.07, '2025-01-15'),
(7, 355, 87.5, '2024-12-24'),
(1, 356, 78.09, '2024-12-22'),
(8, 357, 80.16, '2025-01-15'),
(8, 358, 82.5, '2025-01-08'),
(7, 359, 97.89, '2025-01-19'),
(8, 360, 77.64, '2025-01-02'),
(9, 361, 94.68, '2024-12-22'),
(9, 362, 92.78, '2025-01-15'),
(7, 363, 95.04, '2025-01-03'),
(1, 364, 91.29, '2025-01-12'),
(5, 365, 84.95, '2024-12-26'),
(9, 366, 95.4, '2025-01-10'),
(4, 367, 86.09, '2024-12-28'),
(3, 368, 77.33, '2025-01-15'),
(1, 369, 82.6, '2025-01-19'),
(6, 370, 88.1, '2024-12-25'),
(5, 371, 92.44, '2025-01-01'),
(10, 372, 87.84, '2024-12-28'),
(2, 373, 75.14, '2025-01-05'),
(4, 374, 88.51, '2024-12-27'),
(5, 375, 80.13, '2025-01-15'),
(7, 376, 91.37, '2024-12-26'),
(7, 377, 87.89, '2025-01-10'),
(7, 378, 90.84, '2025-01-18'),
(5, 379, 92.4, '2025-01-02'),
(2, 380, 89.81, '2025-01-14'),
(9, 381, 99.58, '2024-12-31'),
(5, 382, 86.82, '2024-12-23'),
(6, 383, 99.58, '2025-01-07'),
(6, 384, 85.41, '2025-01-03'),
(8, 385, 95.49, '2024-12-28'),
(9, 386, 81.93, '2025-01-17'),
(1, 387, 79.65, '2025-01-19'),
(8, 388, 87.33, '2025-01-12'),
(8, 389, 78.6, '2025-01-07'),
(6, 390, 93.99, '2024-12-31'),
(1, 391, 94.3, '2024-12-30'),
(10, 392, 89.43, '2024-12-31'),
(1, 393, 96.45, '2024-12-24'),
(5, 394, 94.71, '2024-12-22'),
(4, 395, 76.61, '2025-01-19'),
(2, 396, 96.38, '2024-12-26'),
(10, 397, 90.67, '2025-01-15'),
(7, 398, 77.38, '2025-01-17'),
(7, 399, 93.59, '2025-01-06'),
(3, 400, 94.36, '2025-01-17'),
(10, 401, 90.32, '2025-01-08'),
(6, 402, 81.66, '2025-01-02'),
(9, 403, 85.69, '2024-12-21'),
(8, 404, 99.92, '2025-01-20'),
(2, 405, 81.0, '2025-01-01'),
(1, 406, 94.19, '2025-01-04'),
(1, 407, 81.38, '2025-01-17'),
(8, 408, 85.41, '2024-12-27'),
(3, 409, 77.04, '2025-01-08'),
(5, 410, 76.49, '2025-01-11'),
(5, 411, 89.47, '2025-01-06'),
(2, 412, 95.27, '2024-12-23'),
(8, 413, 79.86, '2024-12-24'),
(7, 414, 98.88, '2025-01-06'),
(7, 415, 97.73, '2024-12-31'),
(3, 416, 96.1, '2024-12-26'),
(4, 417, 94.36, '2024-12-29'),
(2, 418, 88.37, '2025-01-07'),
(8, 419, 79.12, '2025-01-15'),
(3, 420, 76.66, '2024-12-27'),
(2, 421, 96.15, '2025-01-03'),
(1, 422, 92.07, '2025-01-15'),
(6, 423, 98.45, '2025-01-03'),
(5, 424, 84.32, '2025-01-09'),
(3, 425, 86.37, '2024-12-22'),
(5, 426, 95.7, '2025-01-19'),
(3, 427, 95.57, '2025-01-10'),
(1, 428, 90.86, '2025-01-08'),
(6, 429, 96.78, '2025-01-11'),
(3, 430, 76.21, '2024-12-24'),
(3, 431, 81.64, '2025-01-20'),
(3, 432, 80.82, '2024-12-24'),
(9, 433, 92.73, '2024-12-30'),
(6, 434, 91.79, '2024-12-25'),
(4, 435, 97.47, '2025-01-17'),
(10, 436, 86.67, '2025-01-05'),
(7, 437, 83.65, '2025-01-06'),
(6, 438, 95.21, '2025-01-19'),
(9, 439, 82.79, '2025-01-02'),
(2, 440, 78.92, '2025-01-20'),
(5, 441, 78.8, '2025-01-11'),
(8, 442, 75.92, '2025-01-15'),
(8, 443, 83.98, '2024-12-24'),
(6, 444, 77.94, '2025-01-11'),
(5, 445, 95.98, '2025-01-01'),
(6, 446, 82.67, '2025-01-09'),
(1, 447, 82.7, '2024-12-27'),
(6, 448, 88.2, '2025-01-01'),
(8, 449, 99.0, '2025-01-20'),
(3, 450, 96.16, '2025-01-09'),
(7, 451, 90.71, '2025-01-07'),
(6, 452, 77.05, '2024-12-30'),
(1, 453, 79.69, '2024-12-22'),
(5, 454, 94.89, '2025-01-19'),
(5, 455, 97.17, '2024-12-22'),
(5, 456, 84.92, '2024-12-31'),
(3, 457, 93.16, '2025-01-07'),
(10, 458, 83.24, '2024-12-23'),
(7, 459, 99.4, '2025-01-13'),
(8, 460, 78.41, '2025-01-18'),
(3, 461, 91.81, '2025-01-13'),
(2, 462, 85.18, '2024-12-30'),
(9, 463, 89.92, '2025-01-14'),
(3, 464, 99.86, '2024-12-30'),
(8, 465, 79.58, '2024-12-23'),
(6, 466, 98.71, '2025-01-04'),
(7, 467, 78.41, '2025-01-18'),
(10, 468, 99.15, '2024-12-29'),
(1, 469, 83.91, '2025-01-07'),
(1, 470, 86.53, '2025-01-02'),
(7, 471, 96.86, '2024-12-21'),
(7, 472, 97.31, '2025-01-11'),
(9, 473, 90.01, '2025-01-03'),
(7, 474, 84.87, '2024-12-22'),
(7, 475, 83.24, '2024-12-27'),
(7, 476, 85.13, '2025-01-09'),
(6, 477, 87.83, '2025-01-08'),
(3, 478, 76.01, '2025-01-02'),
(9, 479, 87.43, '2025-01-19'),
(3, 480, 90.08, '2025-01-16'),
(8, 481, 76.39, '2024-12-29'),
(5, 482, 83.67, '2025-01-18'),
(1, 483, 96.7, '2024-12-23'),
(1, 484, 85.93, '2024-12-28'),
(4, 485, 96.67, '2025-01-20'),
(8, 486, 79.56, '2025-01-12'),
(5, 487, 80.46, '2024-12-30'),
(6, 488, 77.32, '2024-12-24'),
(4, 489, 77.59, '2024-12-26'),
(6, 490, 82.19, '2025-01-20'),
(1, 491, 99.28, '2025-01-20'),
(4, 492, 75.79, '2024-12-23'),
(9, 493, 99.63, '2024-12-25'),
(10, 494, 87.53, '2024-12-31'),
(10, 495, 97.7, '2025-01-10'),
(10, 496, 89.88, '2025-01-06'),
(9, 497, 99.98, '2024-12-22'),
(5, 498, 96.48, '2024-12-28'),
(10, 499, 98.4, '2025-01-14'),
(3, 500, 86.07, '2025-01-05');

INSERT INTO attendance_status (status_name) VALUES
('Present'),
('Absent'),
('Late'),
('Excused'),
('Early Dismissal');

INSERT INTO attendance (student_id, date, status_id) VALUES
(11, '2024-05-01', 1),
(12, '2024-05-01', 1),
(13, '2024-05-01', 2),
(14, '2024-05-01', 1),
(15, '2024-05-01', 3),
(16, '2024-05-02', 1),
(17, '2024-05-02', 1),
(18, '2024-05-02', 4),
(19, '2024-05-02', 1),
(20, '2024-05-02', 2),
(21, '2024-05-03', 1),
(22, '2024-05-03', 1),
(23, '2024-05-03', 5),
(24, '2024-05-03', 1),
(25, '2024-05-03', 3),
(26, '2024-05-04', 1),
(27, '2024-05-04', 1),
(28, '2024-05-04', 4),
(29, '2024-05-04', 1),
(30, '2024-05-04', 2),
(31, '2024-05-05', 1),
(32, '2024-05-05', 1),
(33, '2024-05-05', 5),
(34, '2024-05-05', 1),
(35, '2024-05-05', 3),
(36, '2024-05-06', 1),
(37, '2024-05-06', 1),
(38, '2024-05-06', 4),
(39, '2024-05-06', 1),
(40, '2024-05-06', 2),
(41, '2024-05-07', 1),
(42, '2024-05-07', 1),
(43, '2024-05-07', 5),
(44, '2024-05-07', 1),
(45, '2024-05-07', 3),
(46, '2024-05-08', 1),
(47, '2024-05-08', 1),
(48, '2024-05-08', 4),
(49, '2024-05-08', 1),
(50, '2024-05-08', 2),
(51, '2024-05-09', 1),
(52, '2024-05-09', 1),
(53, '2024-05-09', 5),
(54, '2024-05-09', 1),
(55, '2024-05-09', 3),
(56, '2024-05-10', 1),
(57, '2024-05-10', 1),
(58, '2024-05-10', 4),
(59, '2024-05-10', 1),
(60, '2024-05-10', 2),
(61, '2024-05-11', 1),
(62, '2024-05-11', 1),
(63, '2024-05-11', 5),
(64, '2024-05-11', 1),
(65, '2024-05-11', 3),
(66, '2024-05-12', 1),
(67, '2024-05-12', 1),
(68, '2024-05-12', 4),
(69, '2024-05-12', 1),
(70, '2024-05-12', 2),
(71, '2024-05-13', 1),
(72, '2024-05-13', 1),
(73, '2024-05-13', 5),
(74, '2024-05-13', 1),
(75, '2024-05-13', 3),
(76, '2024-05-14', 1),
(77, '2024-05-14', 1),
(78, '2024-05-14', 4),
(79, '2024-05-14', 1),
(80, '2024-05-14', 2),
(81, '2024-05-15', 1),
(82, '2024-05-15', 1),
(83, '2024-05-15', 5),
(84, '2024-05-15', 1),
(85, '2024-05-15', 3),
(86, '2024-05-16', 1),
(87, '2024-05-16', 1),
(88, '2024-05-16', 4),
(89, '2024-05-16', 1),
(90, '2024-05-16', 2),
(91, '2024-05-17', 1),
(92, '2024-05-17', 1),
(93, '2024-05-17', 5),
(94, '2024-05-17', 1),
(95, '2024-05-17', 3),
(96, '2024-05-18', 1),
(97, '2024-05-18', 1),
(98, '2024-05-18', 4),
(99, '2024-05-18', 1),
(100, '2024-05-18', 2),
(101, '2024-05-19', 1),
(102, '2024-05-19', 1),
(103, '2024-05-19', 5),
(104, '2024-05-19', 1),
(105, '2024-05-19', 3),
(106, '2024-05-20', 1),
(107, '2024-05-20', 1),
(108, '2024-05-20', 4),
(109, '2024-05-20', 1),
(110, '2024-05-20', 2),
(111, '2024-05-21', 1),
(112, '2024-05-21', 1),
(113, '2024-05-21', 5),
(114, '2024-05-21', 1),
(115, '2024-05-21', 3),
(116, '2024-05-22', 1),
(117, '2024-05-22', 1),
(118, '2024-05-22', 4),
(119, '2024-05-22', 1),
(120, '2024-05-22', 2),
(121, '2024-05-23', 1),
(122, '2024-05-23', 1),
(123, '2024-05-23', 5),
(124, '2024-05-23', 1),
(125, '2024-05-23', 3),
(126, '2024-05-24', 1),
(127, '2024-05-24', 1),
(128, '2024-05-24', 4),
(129, '2024-05-24', 1),
(130, '2024-05-24', 2),
(131, '2024-05-25', 1),
(132, '2024-05-25', 1),
(133, '2024-05-25', 5),
(134, '2024-05-25', 1),
(135, '2024-05-25', 3),
(136, '2024-05-26', 1),
(137, '2024-05-26', 1),
(138, '2024-05-26', 4),
(139, '2024-05-26', 1),
(140, '2024-05-26', 2),
(141, '2024-05-27', 1),
(142, '2024-05-27', 1),
(143, '2024-05-27', 5),
(144, '2024-05-27', 1),
(145, '2024-05-27', 3),
(146, '2024-05-28', 1),
(147, '2024-05-28', 1),
(148, '2024-05-28', 4),
(149, '2024-05-28', 1),
(150, '2024-05-28', 2),
(151, '2024-05-29', 1),
(152, '2024-05-29', 1),
(153, '2024-05-29', 5),
(154, '2024-05-29', 1),
(155, '2024-05-29', 3),
(156, '2024-05-30', 1),
(157, '2024-05-30', 1),
(158, '2024-05-30', 4),
(159, '2024-05-30', 1),
(160, '2024-05-30', 2),
(161, '2024-05-31', 1),
(162, '2024-05-31', 1),
(163, '2024-05-31', 5),
(164, '2024-05-31', 1),
(165, '2024-05-31', 3),
(166, '2024-06-01', 1),
(167, '2024-06-01', 1),
(168, '2024-06-01', 4),
(169, '2024-06-01', 1),
(170, '2024-06-01', 2),
(171, '2024-06-02', 1),
(172, '2024-06-02', 1),
(173, '2024-06-02', 5),
(174, '2024-06-02', 1),
(175, '2024-06-02', 3),
(176, '2024-06-03', 1),
(177, '2024-06-03', 1),
(178, '2024-06-03', 4),
(179, '2024-06-03', 1),
(180, '2024-06-03', 2),
(181, '2024-06-04', 1),
(182, '2024-06-04', 1),
(183, '2024-06-04', 5),
(184, '2024-06-04', 1),
(185, '2024-06-04', 3),
(186, '2024-06-05', 1),
(187, '2024-06-05', 1),
(188, '2024-06-05', 4),
(189, '2024-06-05', 1),
(190, '2024-06-05', 2),
(191, '2024-06-06', 1),
(192, '2024-06-06', 1),
(193, '2024-06-06', 5),
(194, '2024-06-06', 1),
(195, '2024-06-06', 3),
(196, '2024-06-07', 1),
(197, '2024-06-07', 1),
(198, '2024-06-07', 4),
(199, '2024-06-07', 1),
(200, '2024-06-07', 2),
(201, '2024-06-08', 1),
(202, '2024-06-08', 1),
(203, '2024-06-08', 5),
(204, '2024-06-08', 1),
(205, '2024-06-08', 3),
(206, '2024-06-09', 1),
(207, '2024-06-09', 1),
(208, '2024-06-09', 4),
(209, '2024-06-09', 1),
(210, '2024-06-09', 2),
(211, '2024-06-10', 1),
(212, '2024-06-10', 1),
(213, '2024-06-10', 5),
(214, '2024-06-10', 1),
(215, '2024-06-10', 3),
(216, '2024-06-11', 1),
(217, '2024-06-11', 1),
(218, '2024-06-11', 4),
(219, '2024-06-11', 1),
(220, '2024-06-11', 2),
(221, '2024-06-12', 1),
(222, '2024-06-12', 1),
(223, '2024-06-12', 5),
(224, '2024-06-12', 1),
(225, '2024-06-12', 3),
(226, '2024-06-13', 1),
(227, '2024-06-13', 1),
(228, '2024-06-13', 4),
(229, '2024-06-13', 1),
(230, '2024-06-13', 2),
(231, '2024-06-14', 1),
(232, '2024-06-14', 1),
(233, '2024-06-14', 5),
(234, '2024-06-14', 1),
(235, '2024-06-14', 3),
(236, '2024-06-15', 1),
(237, '2024-06-15', 1),
(238, '2024-06-15', 4),
(239, '2024-06-15', 1),
(240, '2024-06-15', 2),
(241, '2024-06-16', 1),
(242, '2024-06-16', 1),
(243, '2024-06-16', 5),
(244, '2024-06-16', 1),
(245, '2024-06-16', 3),
(246, '2024-06-17', 1),
(247, '2024-06-17', 1),
(248, '2024-06-17', 4),
(249, '2024-06-17', 1),
(250, '2024-06-17', 2),
(251, '2024-06-18', 1),
(252, '2024-06-18', 1),
(253, '2024-06-18', 5),
(254, '2024-06-18', 1),
(255, '2024-06-18', 3),
(256, '2024-06-19', 1),
(257, '2024-06-19', 1),
(258, '2024-06-19', 4),
(259, '2024-06-19', 1),
(260, '2024-06-19', 2),
(261, '2024-06-20', 2),
(262, '2024-06-20', 5),
(263, '2024-06-20', 1),
(264, '2024-06-20', 4),
(265, '2024-06-20', 3),
(266, '2024-06-20', 4),
(267, '2024-06-20', 3),
(268, '2024-06-20', 4),
(269, '2024-06-20', 3),
(270, '2024-06-20', 2),
(271, '2024-06-21', 4),
(272, '2024-06-21', 4),
(273, '2024-06-21', 1),
(274, '2024-06-21', 4),
(275, '2024-06-21', 1),
(276, '2024-06-21', 2),
(277, '2024-06-21', 1),
(278, '2024-06-21', 4),
(279, '2024-06-21', 4),
(280, '2024-06-21', 3),
(281, '2024-06-22', 1),
(282, '2024-06-22', 2),
(283, '2024-06-22', 2),
(284, '2024-06-22', 4),
(285, '2024-06-22', 1),
(286, '2024-06-22', 2),
(287, '2024-06-22', 2),
(288, '2024-06-22', 1),
(289, '2024-06-22', 2),
(290, '2024-06-22', 2),
(291, '2024-06-23', 3),
(292, '2024-06-23', 5),
(293, '2024-06-23', 3),
(294, '2024-06-23', 3),
(295, '2024-06-23', 2),
(296, '2024-06-23', 3),
(297, '2024-06-23', 2),
(298, '2024-06-23', 2),
(299, '2024-06-23', 2),
(300, '2024-06-23', 3),
(301, '2024-06-24', 4),
(302, '2024-06-24', 1),
(303, '2024-06-24', 3),
(304, '2024-06-24', 3),
(305, '2024-06-24', 4),
(306, '2024-06-24', 3),
(307, '2024-06-24', 5),
(308, '2024-06-24', 4),
(309, '2024-06-24', 4),
(310, '2024-06-24', 1),
(311, '2024-06-25', 3),
(312, '2024-06-25', 2),
(313, '2024-06-25', 5),
(314, '2024-06-25', 5),
(315, '2024-06-25', 3),
(316, '2024-06-25', 1),
(317, '2024-06-25', 2),
(318, '2024-06-25', 3),
(319, '2024-06-25', 3),
(320, '2024-06-25', 1),
(321, '2024-06-26', 3),
(322, '2024-06-26', 4),
(323, '2024-06-26', 5),
(324, '2024-06-26', 2),
(325, '2024-06-26', 5),
(326, '2024-06-26', 3),
(327, '2024-06-26', 1),
(328, '2024-06-26', 3),
(329, '2024-06-26', 5),
(330, '2024-06-26', 1),
(331, '2024-06-27', 1),
(332, '2024-06-27', 5),
(333, '2024-06-27', 4),
(334, '2024-06-27', 1),
(335, '2024-06-27', 3),
(336, '2024-06-27', 5),
(337, '2024-06-27', 1),
(338, '2024-06-27', 2),
(339, '2024-06-27', 1),
(340, '2024-06-27', 5),
(341, '2024-06-28', 1),
(342, '2024-06-28', 3),
(343, '2024-06-28', 1),
(344, '2024-06-28', 4),
(345, '2024-06-28', 2),
(346, '2024-06-28', 1),
(347, '2024-06-28', 1),
(348, '2024-06-28', 2),
(349, '2024-06-28', 2),
(350, '2024-06-28', 4),
(351, '2024-06-29', 3),
(352, '2024-06-29', 4),
(353, '2024-06-29', 4),
(354, '2024-06-29', 1),
(355, '2024-06-29', 1),
(356, '2024-06-29', 5),
(357, '2024-06-29', 2),
(358, '2024-06-29', 1),
(359, '2024-06-29', 4),
(360, '2024-06-29', 4),
(361, '2024-06-30', 4),
(362, '2024-06-30', 4),
(363, '2024-06-30', 1),
(364, '2024-06-30', 4),
(365, '2024-06-30', 3),
(366, '2024-06-30', 4),
(367, '2024-06-30', 4),
(368, '2024-06-30', 2),
(369, '2024-06-30', 2),
(370, '2024-06-30', 2),
(371, '2024-07-01', 1),
(372, '2024-07-01', 5),
(373, '2024-07-01', 4),
(374, '2024-07-01', 5),
(375, '2024-07-01', 3),
(376, '2024-07-01', 5),
(377, '2024-07-01', 1),
(378, '2024-07-01', 4),
(379, '2024-07-01', 2),
(380, '2024-07-01', 3),
(381, '2024-07-02', 5),
(382, '2024-07-02', 2),
(383, '2024-07-02', 1),
(384, '2024-07-02', 3),
(385, '2024-07-02', 1),
(386, '2024-07-02', 3),
(387, '2024-07-02', 4),
(388, '2024-07-02', 4),
(389, '2024-07-02', 1),
(390, '2024-07-02', 4),
(391, '2024-07-03', 2),
(392, '2024-07-03', 1),
(393, '2024-07-03', 3),
(394, '2024-07-03', 4),
(395, '2024-07-03', 3),
(396, '2024-07-03', 4),
(397, '2024-07-03', 4),
(398, '2024-07-03', 4),
(399, '2024-07-03', 1),
(400, '2024-07-03', 3),
(401, '2024-07-04', 1),
(402, '2024-07-04', 1),
(403, '2024-07-04', 3),
(404, '2024-07-04', 4),
(405, '2024-07-04', 4),
(406, '2024-07-04', 5),
(407, '2024-07-04', 4),
(408, '2024-07-04', 4),
(409, '2024-07-04', 2),
(410, '2024-07-04', 4),
(411, '2024-07-05', 1),
(412, '2024-07-05', 5),
(413, '2024-07-05', 3),
(414, '2024-07-05', 2),
(415, '2024-07-05', 3),
(416, '2024-07-05', 2),
(417, '2024-07-05', 2),
(418, '2024-07-05', 4),
(419, '2024-07-05', 5),
(420, '2024-07-05', 1),
(421, '2024-07-06', 5),
(422, '2024-07-06', 4),
(423, '2024-07-06', 2),
(424, '2024-07-06', 5),
(425, '2024-07-06', 3),
(426, '2024-07-06', 5),
(427, '2024-07-06', 4),
(428, '2024-07-06', 5),
(429, '2024-07-06', 4),
(430, '2024-07-06', 2),
(431, '2024-07-07', 2),
(432, '2024-07-07', 4),
(433, '2024-07-07', 5),
(434, '2024-07-07', 4),
(435, '2024-07-07', 4),
(436, '2024-07-07', 2),
(437, '2024-07-07', 3),
(438, '2024-07-07', 2),
(439, '2024-07-07', 5),
(440, '2024-07-07', 4),
(441, '2024-07-08', 3),
(442, '2024-07-08', 3),
(443, '2024-07-08', 1),
(444, '2024-07-08', 3),
(445, '2024-07-08', 1),
(446, '2024-07-08', 2),
(447, '2024-07-08', 3),
(448, '2024-07-08', 1),
(449, '2024-07-08', 5),
(450, '2024-07-08', 4),
(451, '2024-07-09', 2),
(452, '2024-07-09', 3),
(453, '2024-07-09', 4),
(454, '2024-07-09', 2),
(455, '2024-07-09', 5),
(456, '2024-07-09', 3),
(457, '2024-07-09', 4),
(458, '2024-07-09', 3),
(459, '2024-07-09', 4),
(460, '2024-07-09', 4),
(461, '2024-07-10', 4),
(462, '2024-07-10', 1),
(463, '2024-07-10', 1),
(464, '2024-07-10', 5),
(465, '2024-07-10', 1),
(466, '2024-07-10', 4),
(467, '2024-07-10', 3),
(468, '2024-07-10', 2),
(469, '2024-07-10', 3),
(470, '2024-07-10', 5),
(471, '2024-07-11', 5),
(472, '2024-07-11', 1),
(473, '2024-07-11', 1),
(474, '2024-07-11', 1),
(475, '2024-07-11', 3),
(476, '2024-07-11', 2),
(477, '2024-07-11', 2),
(478, '2024-07-11', 5),
(479, '2024-07-11', 5),
(480, '2024-07-11', 3),
(481, '2024-07-12', 3),
(482, '2024-07-12', 1),
(483, '2024-07-12', 4),
(484, '2024-07-12', 3),
(485, '2024-07-12', 4),
(486, '2024-07-12', 2),
(487, '2024-07-12', 5),
(488, '2024-07-12', 1),
(489, '2024-07-12', 1),
(490, '2024-07-12', 5),
(491, '2024-07-13', 2),
(492, '2024-07-13', 3),
(493, '2024-07-13', 4),
(494, '2024-07-13', 5),
(495, '2024-07-13', 3),
(496, '2024-07-13', 2),
(497, '2024-07-13', 5),
(498, '2024-07-13', 3),
(499, '2024-07-13', 5),
(500, '2024-07-13', 4),
(501, '2024-07-14', 5),
(502, '2024-07-14', 5),
(503, '2024-07-14', 2),
(504, '2024-07-14', 5),
(505, '2024-07-14', 1),
(506, '2024-07-14', 1),
(507, '2024-07-14', 3),
(508, '2024-07-14', 5),
(509, '2024-07-14', 4),
(510, '2024-07-14', 5);

INSERT INTO activity_types (type_name) VALUES
('Sports'),
('Art'),
('Music'),
('Debate'),
('Science Project'),
('Drama'),
('Chess'),
('Robotics'),
('Dance'),
('Journalism');

INSERT INTO activities (student_id, activity_type_id, score, date) VALUES
(11, 10, 88.96, '2024-04-25'),
(12, 10, 93.77, '2024-04-25'),
(13, 8, 95.46, '2024-04-25'),
(14, 10, 82.67, '2024-04-25'),
(15, 10, 84.89, '2024-04-25'),
(16, 6, 93.41, '2024-04-25'),
(17, 6, 96.05, '2024-04-25'),
(18, 8, 99.97, '2024-04-25'),
(19, 6, 89.72, '2024-04-25'),
(20, 6, 80.49, '2024-04-25'),
(21, 7, 97.24, '2024-04-25'),
(22, 8, 83.69, '2024-04-25'),
(23, 8, 82.74, '2024-04-25'),
(24, 8, 98.77, '2024-04-25'),
(25, 10, 90.99, '2024-04-25'),
(26, 10, 97.74, '2024-04-25'),
(27, 9, 85.42, '2024-04-25'),
(28, 10, 99.95, '2024-04-25'),
(29, 7, 88.64, '2024-04-25'),
(30, 6, 93.31, '2024-04-25'),
(31, 6, 99.4, '2024-04-25'),
(32, 7, 98.69, '2024-04-25'),
(33, 6, 80.49, '2024-04-25'),
(34, 8, 86.56, '2024-04-25'),
(35, 7, 89.53, '2024-04-25'),
(36, 9, 95.27, '2024-04-25'),
(37, 10, 99.5, '2024-04-25'),
(38, 9, 94.16, '2024-04-25'),
(39, 8, 90.82, '2024-04-25'),
(40, 7, 88.42, '2024-04-25'),
(41, 6, 83.24, '2024-04-25'),
(42, 10, 88.79, '2024-04-25'),
(43, 6, 99.31, '2024-04-25'),
(44, 6, 87.44, '2024-04-25'),
(45, 6, 99.53, '2024-04-25'),
(46, 10, 98.53, '2024-04-25'),
(47, 6, 80.5, '2024-04-25'),
(48, 6, 99.32, '2024-04-25'),
(49, 9, 83.3, '2024-04-25'),
(50, 6, 97.39, '2024-04-25'),
(51, 10, 91.06, '2024-04-25'),
(52, 9, 95.22, '2024-04-25'),
(53, 7, 97.03, '2024-04-25'),
(54, 7, 84.81, '2024-04-25'),
(55, 8, 92.56, '2024-04-25'),
(56, 10, 80.89, '2024-04-25'),
(57, 8, 87.9, '2024-04-25'),
(58, 10, 88.73, '2024-04-25'),
(59, 9, 96.38, '2024-04-25'),
(60, 6, 95.87, '2024-04-25'),
(61, 6, 80.97, '2024-04-25'),
(62, 10, 89.78, '2024-04-25'),
(63, 6, 96.72, '2024-04-25'),
(64, 6, 93.1, '2024-04-25'),
(65, 8, 98.86, '2024-04-25'),
(66, 9, 94.55, '2024-04-25'),
(67, 8, 99.51, '2024-04-25'),
(68, 8, 84.96, '2024-04-25'),
(69, 10, 93.93, '2024-04-25'),
(70, 10, 99.36, '2024-04-25'),
(71, 6, 87.49, '2024-04-25'),
(72, 9, 89.02, '2024-04-25'),
(73, 7, 90.68, '2024-04-25'),
(74, 8, 83.37, '2024-04-25'),
(75, 9, 83.3, '2024-04-25'),
(76, 10, 95.2, '2024-04-25'),
(77, 6, 87.55, '2024-04-25'),
(78, 7, 80.04, '2024-04-25'),
(79, 10, 97.8, '2024-04-25'),
(80, 7, 95.18, '2024-04-25'),
(81, 10, 97.44, '2024-04-25'),
(82, 9, 82.88, '2024-04-25'),
(83, 7, 81.23, '2024-04-25'),
(84, 7, 80.1, '2024-04-25'),
(85, 9, 83.69, '2024-04-25'),
(86, 10, 81.97, '2024-04-25'),
(87, 8, 97.84, '2024-04-25'),
(88, 9, 86.14, '2024-04-25'),
(89, 10, 85.21, '2024-04-25'),
(90, 7, 85.71, '2024-04-25'),
(91, 7, 98.85, '2024-04-25'),
(92, 8, 95.69, '2024-04-25'),
(93, 9, 83.64, '2024-04-25'),
(94, 7, 96.18, '2024-04-25'),
(95, 8, 81.25, '2024-04-25'),
(96, 7, 83.52, '2024-04-25'),
(97, 10, 81.87, '2024-04-25'),
(98, 10, 83.58, '2024-04-25'),
(99, 8, 96.0, '2024-04-25'),
(100, 7, 94.33, '2024-04-25'),
(101, 6, 99.42, '2024-04-25'),
(102, 7, 88.69, '2024-04-25'),
(103, 7, 86.11, '2024-04-25'),
(104, 8, 86.23, '2024-04-25'),
(105, 10, 80.91, '2024-04-25'),
(106, 8, 93.72, '2024-04-25'),
(107, 7, 90.57, '2024-04-25'),
(108, 10, 98.21, '2024-04-25'),
(109, 6, 85.69, '2024-04-25'),
(110, 9, 86.48, '2024-04-25'),
(111, 9, 86.29, '2024-04-25'),
(112, 10, 97.94, '2024-04-25'),
(113, 7, 92.56, '2024-04-25'),
(114, 10, 86.36, '2024-04-25'),
(115, 6, 80.91, '2024-04-25'),
(116, 10, 81.34, '2024-04-25'),
(117, 7, 94.12, '2024-04-25'),
(118, 6, 92.9, '2024-04-25'),
(119, 6, 93.95, '2024-04-25'),
(120, 10, 94.55, '2024-04-25'),
(121, 10, 98.54, '2024-04-25'),
(122, 9, 94.14, '2024-04-25'),
(123, 6, 90.81, '2024-04-25'),
(124, 6, 97.49, '2024-04-25'),
(125, 6, 98.36, '2024-04-25'),
(126, 8, 99.95, '2024-04-25'),
(127, 10, 80.2, '2024-04-25'),
(128, 10, 88.72, '2024-04-25'),
(129, 7, 85.07, '2024-04-25'),
(130, 7, 94.48, '2024-04-25'),
(131, 10, 81.46, '2024-04-25'),
(132, 10, 83.41, '2024-04-25'),
(133, 6, 88.88, '2024-04-25'),
(134, 8, 86.38, '2024-04-25'),
(135, 7, 94.41, '2024-04-25'),
(136, 7, 99.11, '2024-04-25'),
(137, 6, 97.35, '2024-04-25'),
(138, 7, 83.06, '2024-04-25'),
(139, 6, 92.53, '2024-04-25'),
(140, 7, 99.79, '2024-04-25'),
(141, 7, 84.61, '2024-04-25'),
(142, 8, 96.33, '2024-04-25'),
(143, 8, 93.67, '2024-04-25'),
(144, 10, 94.59, '2024-04-25'),
(145, 9, 99.44, '2024-04-25'),
(146, 6, 95.3, '2024-04-25'),
(147, 9, 93.47, '2024-04-25'),
(148, 8, 92.24, '2024-04-25'),
(149, 10, 94.7, '2024-04-25'),
(150, 6, 80.43, '2024-04-25'),
(151, 6, 81.23, '2024-04-25'),
(152, 8, 84.9, '2024-04-25'),
(153, 6, 93.77, '2024-04-25'),
(154, 10, 90.88, '2024-04-25'),
(155, 7, 93.97, '2024-04-25'),
(156, 7, 88.42, '2024-04-25'),
(157, 6, 87.75, '2024-04-25'),
(158, 8, 83.94, '2024-04-25'),
(159, 9, 81.38, '2024-04-25'),
(160, 10, 93.06, '2024-04-25'),
(161, 9, 89.17, '2024-04-25'),
(162, 7, 84.42, '2024-04-25'),
(163, 6, 87.49, '2024-04-25'),
(164, 8, 86.66, '2024-04-25'),
(165, 7, 85.03, '2024-04-25'),
(166, 7, 94.98, '2024-04-25'),
(167, 6, 95.06, '2024-04-25'),
(168, 9, 86.05, '2024-04-25'),
(169, 7, 84.54, '2024-04-25'),
(170, 7, 88.43, '2024-04-25'),
(171, 10, 92.36, '2024-04-25'),
(172, 10, 86.88, '2024-04-25'),
(173, 7, 92.58, '2024-04-25'),
(174, 10, 97.87, '2024-04-25'),
(175, 8, 81.8, '2024-04-25'),
(176, 6, 94.71, '2024-04-25'),
(177, 6, 85.89, '2024-04-25'),
(178, 10, 94.66, '2024-04-25'),
(179, 8, 94.77, '2024-04-25'),
(180, 9, 97.02, '2024-04-25'),
(181, 9, 99.08, '2024-04-25'),
(182, 10, 81.23, '2024-04-25'),
(183, 7, 93.97, '2024-04-25'),
(184, 9, 96.8, '2024-04-25'),
(185, 7, 86.97, '2024-04-25'),
(186, 8, 89.66, '2024-04-25'),
(187, 9, 92.23, '2024-04-25'),
(188, 8, 83.75, '2024-04-25'),
(189, 9, 93.94, '2024-04-25'),
(190, 8, 97.15, '2024-04-25'),
(191, 10, 90.14, '2024-04-25'),
(192, 9, 82.64, '2024-04-25'),
(193, 10, 85.54, '2024-04-25'),
(194, 8, 82.2, '2024-04-25'),
(195, 10, 89.54, '2024-04-25'),
(196, 7, 89.1, '2024-04-25'),
(197, 7, 94.96, '2024-04-25'),
(198, 10, 83.54, '2024-04-25'),
(199, 8, 80.52, '2024-04-25'),
(200, 10, 93.12, '2024-04-25'),
(201, 9, 96.38, '2024-04-25'),
(202, 9, 93.82, '2024-04-25'),
(203, 8, 80.57, '2024-04-25'),
(204, 9, 83.27, '2024-04-25'),
(205, 7, 90.94, '2024-04-25'),
(206, 9, 82.9, '2024-04-25'),
(207, 10, 99.02, '2024-04-25'),
(208, 9, 87.41, '2024-04-25'),
(209, 10, 94.71, '2024-04-25'),
(210, 10, 80.12, '2024-04-25'),
(211, 8, 83.05, '2024-04-25'),
(212, 9, 98.87, '2024-04-25'),
(213, 9, 98.3, '2024-04-25'),
(214, 8, 93.54, '2024-04-25'),
(215, 7, 93.66, '2024-04-25'),
(216, 10, 92.06, '2024-04-25'),
(217, 7, 97.39, '2024-04-25'),
(218, 7, 85.54, '2024-04-25'),
(219, 6, 94.39, '2024-04-25'),
(220, 8, 97.49, '2024-04-25'),
(221, 7, 91.08, '2024-04-25'),
(222, 6, 98.21, '2024-04-25'),
(223, 7, 83.81, '2024-04-25'),
(224, 7, 98.95, '2024-04-25'),
(225, 6, 87.09, '2024-04-25'),
(226, 6, 92.0, '2024-04-25'),
(227, 9, 85.84, '2024-04-25'),
(228, 8, 85.38, '2024-04-25'),
(229, 10, 96.98, '2024-04-25'),
(230, 10, 80.56, '2024-04-25'),
(231, 10, 90.59, '2024-04-25'),
(232, 6, 99.11, '2024-04-25'),
(233, 8, 97.74, '2024-04-25'),
(234, 6, 86.12, '2024-04-25'),
(235, 7, 87.37, '2024-04-25'),
(236, 8, 99.91, '2024-04-25'),
(237, 6, 85.45, '2024-04-25'),
(238, 10, 92.02, '2024-04-25'),
(239, 9, 97.81, '2024-04-25'),
(240, 8, 94.5, '2024-04-25'),
(241, 6, 92.9, '2024-04-25'),
(242, 7, 80.7, '2024-04-25'),
(243, 10, 99.96, '2024-04-25'),
(244, 6, 83.79, '2024-04-25'),
(245, 8, 81.99, '2024-04-25'),
(246, 8, 81.23, '2024-04-25'),
(247, 8, 87.04, '2024-04-25'),
(248, 8, 96.25, '2024-04-25'),
(249, 7, 99.84, '2024-04-25'),
(250, 8, 91.68, '2024-12-19'),
(251, 8, 89.69, '2024-12-19'),
(252, 7, 99.64, '2024-12-19'),
(253, 8, 86.34, '2024-12-19'),
(254, 8, 90.43, '2024-12-19'),
(255, 8, 82.57, '2024-12-20'),
(256, 6, 88.73, '2024-12-20'),
(257, 10, 98.83, '2024-12-20'),
(258, 8, 83.61, '2024-12-20'),
(259, 9, 96.7, '2024-12-20'),
(260, 10, 82.24, '2024-12-21'),
(261, 7, 92.4, '2024-12-21'),
(262, 7, 94.21, '2024-12-21'),
(263, 8, 83.9, '2024-12-21'),
(264, 10, 87.62, '2024-12-21'),
(265, 8, 85.0, '2024-12-22'),
(266, 10, 89.03, '2024-12-22'),
(267, 7, 92.26, '2024-12-22'),
(268, 9, 80.64, '2024-12-22'),
(269, 6, 99.76, '2024-12-22'),
(270, 10, 91.98, '2024-12-23'),
(271, 10, 86.57, '2024-12-23'),
(272, 8, 93.49, '2024-12-23'),
(273, 9, 87.8, '2024-12-23'),
(274, 10, 80.21, '2024-12-23'),
(275, 8, 95.06, '2024-12-24'),
(276, 9, 90.68, '2024-12-24'),
(277, 6, 89.72, '2024-12-24'),
(278, 6, 90.45, '2024-12-24'),
(279, 8, 81.19, '2024-12-24'),
(280, 10, 92.98, '2024-12-25'),
(281, 7, 91.23, '2024-12-25'),
(282, 8, 83.76, '2024-12-25'),
(283, 6, 99.27, '2024-12-25'),
(284, 8, 99.29, '2024-12-25'),
(285, 6, 89.71, '2024-12-26'),
(286, 10, 88.22, '2024-12-26'),
(287, 6, 99.98, '2024-12-26'),
(288, 6, 86.32, '2024-12-26'),
(289, 9, 87.61, '2024-12-26'),
(290, 10, 99.94, '2024-12-27'),
(291, 8, 90.12, '2024-12-27'),
(292, 6, 81.59, '2024-12-27'),
(293, 9, 96.73, '2024-12-27'),
(294, 7, 83.52, '2024-12-27'),
(295, 9, 91.49, '2024-12-28'),
(296, 9, 88.78, '2024-12-28'),
(297, 9, 98.65, '2024-12-28'),
(298, 10, 88.36, '2024-12-28'),
(299, 10, 87.04, '2024-12-28'),
(300, 9, 80.72, '2024-12-29'),
(301, 8, 98.71, '2024-12-29'),
(302, 7, 94.71, '2024-12-29'),
(303, 10, 81.27, '2024-12-29'),
(304, 6, 93.45, '2024-12-29'),
(305, 9, 91.23, '2024-12-30'),
(306, 8, 89.18, '2024-12-30'),
(307, 6, 96.19, '2024-12-30'),
(308, 7, 99.3, '2024-12-30'),
(309, 8, 81.57, '2024-12-30'),
(310, 7, 99.62, '2024-12-31'),
(311, 7, 98.4, '2024-12-31'),
(312, 7, 81.2, '2024-12-31'),
(313, 8, 83.12, '2024-12-31'),
(314, 10, 83.5, '2024-12-31'),
(315, 10, 98.71, '2025-01-01'),
(316, 8, 98.62, '2025-01-01'),
(317, 10, 89.5, '2025-01-01'),
(318, 9, 94.28, '2025-01-01'),
(319, 8, 84.88, '2025-01-01'),
(320, 9, 95.96, '2025-01-02'),
(321, 8, 92.42, '2025-01-02'),
(322, 9, 89.59, '2025-01-02'),
(323, 7, 81.92, '2025-01-02'),
(324, 10, 95.61, '2025-01-02'),
(325, 10, 80.7, '2025-01-03'),
(326, 8, 88.19, '2025-01-03'),
(327, 10, 80.41, '2025-01-03'),
(328, 6, 96.49, '2025-01-03'),
(329, 9, 83.93, '2025-01-03'),
(330, 7, 95.5, '2025-01-04'),
(331, 7, 84.65, '2025-01-04'),
(332, 10, 92.88, '2025-01-04'),
(333, 9, 83.53, '2025-01-04'),
(334, 10, 84.42, '2025-01-04'),
(335, 8, 82.34, '2025-01-05'),
(336, 7, 82.89, '2025-01-05'),
(337, 6, 98.79, '2025-01-05'),
(338, 7, 85.9, '2025-01-05'),
(339, 9, 97.48, '2025-01-05'),
(340, 7, 90.82, '2025-01-06'),
(341, 6, 91.63, '2025-01-06'),
(342, 8, 99.75, '2025-01-06'),
(343, 7, 98.26, '2025-01-06'),
(344, 9, 97.28, '2025-01-06'),
(345, 8, 91.85, '2025-01-07'),
(346, 7, 84.19, '2025-01-07'),
(347, 10, 98.29, '2025-01-07'),
(348, 8, 84.08, '2025-01-07'),
(349, 7, 95.39, '2025-01-07'),
(350, 7, 83.16, '2025-01-08'),
(351, 8, 86.69, '2025-01-08'),
(352, 10, 95.69, '2025-01-08'),
(353, 7, 92.83, '2025-01-08'),
(354, 7, 86.57, '2025-01-08'),
(355, 8, 99.11, '2025-01-09'),
(356, 7, 87.06, '2025-01-09'),
(357, 8, 85.51, '2025-01-09'),
(358, 7, 96.23, '2025-01-09'),
(359, 7, 97.97, '2025-01-09'),
(360, 9, 97.68, '2025-01-10'),
(361, 10, 80.79, '2025-01-10'),
(362, 6, 80.55, '2025-01-10'),
(363, 8, 91.95, '2025-01-10'),
(364, 9, 100.0, '2025-01-10'),
(365, 9, 93.18, '2025-01-11'),
(366, 9, 85.77, '2025-01-11'),
(367, 10, 98.53, '2025-01-11'),
(368, 8, 93.64, '2025-01-11'),
(369, 7, 80.9, '2025-01-11'),
(370, 10, 99.18, '2025-01-12'),
(371, 9, 96.94, '2025-01-12'),
(372, 6, 83.31, '2025-01-12'),
(373, 6, 82.0, '2025-01-12'),
(374, 8, 90.76, '2025-01-12'),
(375, 10, 93.96, '2025-01-13'),
(376, 8, 84.42, '2025-01-13'),
(377, 10, 94.54, '2025-01-13'),
(378, 6, 87.64, '2025-01-13'),
(379, 6, 83.46, '2025-01-13'),
(380, 8, 95.51, '2025-01-14'),
(381, 8, 83.2, '2025-01-14'),
(382, 6, 80.89, '2025-01-14'),
(383, 6, 90.23, '2025-01-14'),
(384, 9, 87.93, '2025-01-14'),
(385, 8, 98.59, '2025-01-15'),
(386, 8, 83.63, '2025-01-15'),
(387, 8, 82.39, '2025-01-15'),
(388, 10, 84.79, '2025-01-15'),
(389, 10, 99.22, '2025-01-15'),
(390, 10, 96.34, '2025-01-16'),
(391, 9, 99.92, '2025-01-16'),
(392, 6, 92.56, '2025-01-16'),
(393, 10, 99.44, '2025-01-16'),
(394, 9, 86.53, '2025-01-16'),
(395, 9, 92.09, '2025-01-17'),
(396, 8, 91.32, '2025-01-17'),
(397, 7, 98.89, '2025-01-17'),
(398, 7, 90.79, '2025-01-17'),
(399, 6, 84.13, '2025-01-17'),
(400, 9, 90.85, '2025-01-18'),
(401, 9, 96.23, '2025-01-18'),
(402, 7, 98.2, '2025-01-18'),
(403, 7, 80.24, '2025-01-18'),
(404, 6, 93.83, '2025-01-18'),
(405, 6, 91.54, '2025-01-19'),
(406, 7, 89.02, '2025-01-19'),
(407, 7, 87.51, '2025-01-19'),
(408, 6, 91.33, '2025-01-19'),
(409, 7, 83.73, '2025-01-19'),
(410, 9, 80.45, '2025-01-20'),
(411, 9, 91.64, '2025-01-20'),
(412, 8, 81.33, '2025-01-20'),
(413, 6, 90.85, '2025-01-20'),
(414, 8, 90.32, '2025-01-20'),
(415, 8, 92.58, '2025-01-21'),
(416, 8, 90.22, '2025-01-21'),
(417, 6, 84.84, '2025-01-21'),
(418, 10, 95.97, '2025-01-21'),
(419, 10, 95.58, '2025-01-21'),
(420, 9, 90.76, '2025-01-22'),
(421, 8, 91.63, '2025-01-22'),
(422, 10, 94.05, '2025-01-22'),
(423, 6, 94.03, '2025-01-22'),
(424, 9, 81.78, '2025-01-22'),
(425, 6, 84.61, '2025-01-23'),
(426, 9, 99.59, '2025-01-23'),
(427, 7, 84.29, '2025-01-23'),
(428, 8, 85.38, '2025-01-23'),
(429, 8, 94.41, '2025-01-23'),
(430, 9, 96.72, '2025-01-24'),
(431, 6, 98.84, '2025-01-24'),
(432, 6, 88.86, '2025-01-24'),
(433, 9, 95.52, '2025-01-24'),
(434, 9, 85.82, '2025-01-24'),
(435, 7, 91.41, '2025-01-25'),
(436, 6, 87.91, '2025-01-25'),
(437, 8, 88.15, '2025-01-25'),
(438, 8, 96.7, '2025-01-25'),
(439, 9, 81.59, '2025-01-25'),
(440, 9, 86.9, '2025-01-26'),
(441, 8, 99.79, '2025-01-26'),
(442, 10, 93.28, '2025-01-26'),
(443, 10, 97.94, '2025-01-26'),
(444, 9, 95.6, '2025-01-26'),
(445, 7, 86.61, '2025-01-27'),
(446, 7, 90.7, '2025-01-27'),
(447, 9, 92.2, '2025-01-27'),
(448, 9, 89.3, '2025-01-27'),
(449, 10, 84.98, '2025-01-27'),
(450, 6, 86.57, '2025-01-28'),
(451, 7, 99.66, '2025-01-28'),
(452, 9, 96.77, '2025-01-28'),
(453, 9, 80.67, '2025-01-28'),
(454, 6, 96.55, '2025-01-28'),
(455, 9, 94.68, '2025-01-29'),
(456, 6, 99.21, '2025-01-29'),
(457, 8, 84.28, '2025-01-29'),
(458, 7, 98.53, '2025-01-29'),
(459, 9, 87.87, '2025-01-29'),
(460, 9, 83.92, '2025-01-30'),
(461, 9, 89.03, '2025-01-30'),
(462, 8, 99.91, '2025-01-30'),
(463, 7, 90.66, '2025-01-30'),
(464, 10, 81.38, '2025-01-30'),
(465, 8, 99.45, '2025-01-31'),
(466, 9, 91.13, '2025-01-31'),
(467, 7, 86.16, '2025-01-31'),
(468, 10, 83.8, '2025-01-31'),
(469, 9, 93.78, '2025-01-31'),
(470, 10, 84.19, '2025-02-01'),
(471, 7, 98.52, '2025-02-01'),
(472, 10, 88.7, '2025-02-01'),
(473, 10, 89.16, '2025-02-01'),
(474, 7, 89.38, '2025-02-01'),
(475, 6, 94.46, '2025-02-02'),
(476, 10, 90.05, '2025-02-02'),
(477, 7, 95.27, '2025-02-02'),
(478, 6, 91.3, '2025-02-02'),
(479, 10, 95.2, '2025-02-02'),
(480, 9, 80.94, '2025-02-03'),
(481, 6, 83.99, '2025-02-03'),
(482, 10, 88.66, '2025-02-03'),
(483, 10, 87.17, '2025-02-03'),
(484, 9, 84.87, '2025-02-03'),
(485, 7, 82.57, '2025-02-04'),
(486, 10, 80.62, '2025-02-04'),
(487, 8, 93.44, '2025-02-04'),
(488, 9, 89.97, '2025-02-04'),
(489, 10, 82.1, '2025-02-04'),
(490, 10, 86.17, '2025-02-05'),
(491, 7, 86.79, '2025-02-05'),
(492, 7, 81.07, '2025-02-05'),
(493, 6, 92.32, '2025-02-05'),
(494, 8, 83.96, '2025-02-05'),
(495, 10, 94.13, '2025-02-06'),
(496, 8, 81.32, '2025-02-06'),
(497, 8, 83.07, '2025-02-06'),
(498, 7, 83.93, '2025-02-06'),
(499, 8, 86.06, '2025-02-06'),
(500, 9, 95.4, '2025-02-07'),
(501, 8, 83.3, '2025-02-07'),
(502, 6, 99.92, '2025-02-07'),
(503, 7, 86.39, '2025-02-07'),
(504, 9, 87.83, '2025-02-07'),
(505, 7, 99.24, '2025-02-08'),
(506, 8, 96.68, '2025-02-08'),
(507, 6, 88.78, '2025-02-08'),
(508, 9, 89.99, '2025-02-08'),
(509, 10, 89.72, '2025-02-08'),
(510, 8, 81.79, '2025-02-09');